Mariyah;May;aaribaud@optonline.net
Ellen;Huynh;jacks@verizon.net
Taliyah;Mayer;pmint@yahoo.ca
Ryann;Miranda;danneng@att.net
Skylar;Collier;jadavis@mac.com
Justice;Castillo;matsn@sbcglobal.net
Julianna;Vaughn;kwilliams@msn.com
Wendy;Dickson;agolomsh@gmail.com
Reilly;English;jdhedden@hotmail.com
Mylie;Carey;ahmad@me.com
Case;Mckinney;heidrich@aol.com
Destinee;Tate;jonathan@me.com
Nico;Moss;library@me.com
Paige;Clayton;mcraigw@msn.com
Christine;Burke;solomon@yahoo.ca
Phoebe;Duke;staikos@live.com
Dalia;Conway;oevans@optonline.net
Skye;Livingston;mnemonic@live.com
Trenton;Johnson;gfxguy@me.com
Conner;Mooney;bachmann@aol.com
Liliana;Wolfe;mchugh@gmail.com
Gerardo;Gonzalez;syncnine@yahoo.ca
Maximo;Hess;oneiros@sbcglobal.net
Juan;Boyd;ajohnson@att.net
Sanaa;Anthony;itstatus@gmail.com
Nikolai;Mayo;mddallara@optonline.net
Aditya;Ellison;ivoibs@hotmail.com
Robert;Vance;chrisk@yahoo.com
Guillermo;Newton;gozer@mac.com
Michelle;Leon;hmbrand@hotmail.com
Felix;Patterson;wagnerch@yahoo.com
Isis;Walters;sisyphus@msn.com
Jacey;Spencer;rwelty@aol.com
Brogan;Bond;dwendlan@hotmail.com
Xander;Hodge;pkplex@mac.com
Sullivan;Huerta;jusdisgi@me.com
Kason;Rosario;catalog@gmail.com
Cecilia;Cardenas;phyruxus@yahoo.com
Lorena;Wall;hillct@outlook.com
Slade;Farrell;jandrese@att.net
Gabrielle;Khan;dkasak@icloud.com
Rayna;Bauer;brainless@msn.com
Alanna;Quinn;bmidd@msn.com
Moises;Young;evilopie@att.net
Tess;Randall;garland@comcast.net
Gavyn;Mckenzie;kourai@yahoo.ca
Israel;Kelly;gtaylor@outlook.com
Marques;Haney;barnett@live.com
Roman;Harding;salesgeek@msn.com
Bruno;Lambert;paley@icloud.com
Jimena;Martin;jschauma@verizon.net
Dana;Potts;curly@verizon.net
Nicole;Gates;sequin@msn.com
Jason;Vazquez;slanglois@yahoo.ca
Brice;Miller;jshirley@me.com
Marlie;Stanley;cliffordj@msn.com
Jaylon;Wu;bastian@yahoo.com
Kathryn;Richard;skippy@yahoo.ca
Trevor;Michael;studyabr@optonline.net
Zackary;Pratt;durist@comcast.net
Jaylen;Wells;lpalmer@gmail.com
Amber;Madden;scottlee@yahoo.com
Emilio;Forbes;keiji@yahoo.ca
Marley;Zamora;squirrel@verizon.net
Tatum;Roy;yenya@hotmail.com
Luka;Lowery;bhima@icloud.com
Jonah;Walter;amimojo@outlook.com
Reina;Simmons;timlinux@me.com
Maxwell;Cherry;larry@icloud.com
Dayami;Valencia;gmcgath@sbcglobal.net
Giovanny;Knapp;flakeg@gmail.com
Trevon;Burns;thrymm@msn.com
Isiah;Cooper;johndo@live.com
Rudy;Zuniga;phish@verizon.net
Dayana;Alexander;pgolle@sbcglobal.net
Kian;Garza;okroeger@sbcglobal.net
Esperanza;Mills;keijser@verizon.net
Antoine;Larsen;jamuir@outlook.com
Alex;Perkins;kmself@mac.com
Lara;Petty;bescoto@yahoo.com
Mark;Benjamin;library@hotmail.com
Jaylynn;Acevedo;daveewart@att.net
Gustavo;Webb;michiel@msn.com
Jordyn;Ramos;jgmyers@msn.com
Lilliana;Stanley;cisugrad@yahoo.ca
Nico;Moses;zyghom@mac.com
Kamari;Little;pfitza@me.com
Simone;Arroyo;dodong@sbcglobal.net
Branden;Stephenson;jespley@sbcglobal.net
Robert;Heath;petersko@aol.com
Janet;Vega;inico@gmail.com
Sarai;Norman;barnett@yahoo.ca
Nicole;Saunders;rafasgj@icloud.com
Jair;Cardenas;boomzilla@live.com
Keshawn;Wagner;presoff@aol.com
Gilberto;Moody;mleary@msn.com
Aracely;Lucas;mahbub@outlook.com
Casey;Stephens;pierce@mac.com
Elliana;Huff;chronos@yahoo.ca
Leroy;Hale;grossman@hotmail.com
Jair;Schmidt;geoffr@hotmail.com
Leonidas;Ellison;rande@sbcglobal.net
Rishi;White;jcholewa@hotmail.com
Jonathon;Rhodes;sonnen@me.com
Athena;Guzman;vlefevre@att.net
Piper;Browning;shaffei@hotmail.com
Aiden;Stevens;scato@aol.com
Hadassah;Krause;dhwon@icloud.com
Greta;Bernard;kjetilk@me.com
Jaylyn;Snow;jbearp@hotmail.com
Lilly;Wise;citadel@mac.com
Shiloh;Dudley;froodian@msn.com
Emmett;Collins;elflord@verizon.net
Kaia;Zuniga;tsuruta@hotmail.com
Dominique;Lynn;mwitte@icloud.com
Whitney;Morgan;jmgomez@me.com
Antoine;Day;rgarcia@att.net
Conner;Freeman;netsfr@yahoo.ca
James;Mitchell;ideguy@aol.com
Justice;Rowe;wikinerd@outlook.com
Roger;Dodson;jmorris@live.com
Autumn;Barton;nasor@aol.com
Melissa;Jarvis;lukka@icloud.com
Caden;Ramirez;demmel@yahoo.com
Leilani;Mcconnell;luvirini@aol.com
Enrique;Solomon;crowl@yahoo.com
Stella;Nunez;jrifkin@verizon.net
Jaiden;Velez;draper@msn.com
Savannah;Torres;leviathan@me.com
Miah;Franco;majordick@comcast.net
Troy;Terrell;djupedal@me.com
Paityn;Rangel;frikazoyd@sbcglobal.net
Jaylon;Valenzuela;magusnet@outlook.com
Maggie;Charles;psharpe@hotmail.com
Marques;Dorsey;scotfl@outlook.com
Iyana;Mckinney;paina@comcast.net
Zachery;Fischer;gordonjcp@yahoo.ca
Carson;Rodgers;isotopian@aol.com
Donavan;Galvan;caronni@aol.com
Edward;Rasmussen;pemungkah@optonline.net
Kyra;Browning;zavadsky@msn.com
Amber;Higgins;josephw@live.com
Londyn;Santos;singer@gmail.com
Gustavo;Hodges;jbailie@yahoo.ca
Amber;Choi;fukuchi@verizon.net
Allie;Short;jginspace@icloud.com
Adelaide;Richard;podmaster@live.com
Kai;Cole;cremonini@optonline.net
Harley;Waller;rfoley@outlook.com
Terry;Bennett;duchamp@live.com
Corinne;Booker;bastian@att.net
Grace;Frederick;balchen@comcast.net
Mckayla;Briggs;gomor@aol.com
Jaylene;Clark;scottlee@gmail.com
Rashad;James;offthelip@outlook.com
Kaylen;Schwartz;sakusha@me.com
Tia;Wilkerson;research@hotmail.com
Alejandra;Woods;dbindel@yahoo.ca
Nash;Vang;alias@comcast.net
Laura;Nichols;thaljef@verizon.net
Marie;Keith;pdbaby@msn.com
Adriana;Webb;tubesteak@hotmail.com
Akira;Robbins;jaesenj@yahoo.com
Dallas;Benson;josem@me.com
Lesly;Craig;dmouse@comcast.net
Caitlyn;Gamble;denton@hotmail.com
Bruno;Atkins;solomon@comcast.net
Franklin;Mahoney;aschmitz@hotmail.com
Wilson;Kirby;aegreene@comcast.net
Beckham;Meza;seebs@yahoo.com
Hope;Mcclain;boftx@hotmail.com
Makena;Pennington;ajohnson@gmail.com
Saul;Patton;cgcra@sbcglobal.net
Ben;Blake;twoflower@sbcglobal.net
Camron;Navarro;mobileip@verizon.net
Giovanni;Floyd;amaranth@sbcglobal.net
Jamarion;Crawford;noahb@me.com
Nash;Larsen;drewf@yahoo.ca
Jakob;Park;nacho@verizon.net
Jessie;Rodgers;evilopie@gmail.com
Holly;Frank;birddog@aol.com
Jacoby;Stevenson;jrifkin@me.com
Nina;Manning;earmstro@hotmail.com
Sylvia;Pratt;dmbkiwi@yahoo.com
Ingrid;Vincent;flaviog@aol.com
Jameson;Whitney;bolow@att.net
Gabrielle;Mason;tellis@live.com
Bryce;Stein;sagal@sbcglobal.net
Alanna;Huerta;chunzi@sbcglobal.net
Kymani;Liu;adhere@gmail.com
Declan;Rowe;giafly@mac.com
Denzel;Adkins;nwiger@sbcglobal.net
Lawrence;Michael;jdray@msn.com
Quinn;Norton;gravyface@verizon.net
Dominik;Cherry;dkasak@optonline.net
Conner;Beck;facet@live.com
Silas;Kaufman;hyper@aol.com
Kaleb;Hoffman;gfody@hotmail.com
Jayvon;Padilla;muzzy@msn.com
Raul;Greene;boomzilla@icloud.com
Tyson;Mendoza;lstaf@me.com
Jovanni;Newton;jemarch@aol.com
Madison;Rich;trygstad@hotmail.com
Lydia;Montgomery;giafly@outlook.com
Darian;Vaughan;henkp@sbcglobal.net
Raelynn;Mahoney;sjmuir@icloud.com
Eve;Miles;elflord@outlook.com
Mario;Horton;amaranth@optonline.net
Lacey;Gates;jyoliver@aol.com
Allie;Bass;rande@me.com
Yadira;Carter;linuxhack@mac.com
Isiah;Palmer;maratb@hotmail.com
Luke;Horn;yumpy@att.net
Raiden;Washington;mcmillan@hotmail.com
Lexi;Lambert;mddallara@mac.com
Prince;Wiggins;chrwin@live.com
William;Pineda;maratb@me.com
Jaylan;Rasmussen;policies@optonline.net
Osvaldo;Cooke;sscorpio@live.com
Journey;Miranda;fmerges@yahoo.com
Bradley;Horne;killmenow@yahoo.com
Kiana;Henson;bdthomas@yahoo.ca
Fiona;Wiggins;parksh@gmail.com
Evelyn;Wood;manuals@verizon.net
Aliza;Guzman;grossman@msn.com
Jaida;Branch;jnolan@att.net
Rebekah;Underwood;grady@live.com
Simon;Ferrell;campbell@gmail.com
Genesis;Bryant;kostas@msn.com
Darion;Walls;uqmcolyv@verizon.net
Isla;Barrett;tromey@sbcglobal.net
Jaxson;Butler;smcnabb@sbcglobal.net
Graham;Hendricks;aardo@yahoo.com
Jamar;Schultz;jgwang@msn.com
Regina;Landry;north@yahoo.ca
Maia;Campos;jonas@mac.com
Gavin;Mcpherson;scottlee@optonline.net
Leilani;Curry;smartfart@mac.com
Corbin;Bond;kmiller@comcast.net
Liana;Hall;fallorn@att.net
Muhammad;Roberson;dobey@icloud.com
Pedro;Griffith;ninenine@optonline.net
Micaela;Wyatt;darin@sbcglobal.net
Mila;Coffey;kludge@aol.com
Leilani;Hancock;gravyface@comcast.net
Brian;Bowman;yruan@yahoo.com
Jaidyn;David;qmacro@msn.com
Yareli;Ferrell;eabrown@sbcglobal.net
Kristian;Drake;webinc@outlook.com
Malik;Gutierrez;philb@comcast.net
Jameson;Waller;choset@aol.com
Brynn;Briggs;choset@hotmail.com
Krystal;Mccarthy;cremonini@aol.com
Nyla;Hanson;gregh@outlook.com
Alessandro;Shaffer;sekiya@comcast.net
Jett;Callahan;parkes@verizon.net
Jacey;Orr;wiseb@icloud.com
Eve;Potts;corrada@optonline.net
Naomi;Barry;fatelk@me.com
Rodney;Hopkins;mhassel@live.com
Lauren;Mcmillan;tfinniga@aol.com
Penelope;Koch;dsugal@aol.com
Abdullah;Walker;afifi@me.com
Vincent;Copeland;erynf@yahoo.com
Braden;Jimenez;gastown@optonline.net
Orion;Hays;martink@aol.com
Fletcher;Rowland;juerd@sbcglobal.net
Ulises;Frey;mpiotr@att.net
Juliet;Aguilar;mbrown@yahoo.com
Roberto;Wu;aprakash@verizon.net
Paula;Rosario;adhere@verizon.net
Rylan;Mueller;jlbaumga@outlook.com
Alaina;Bender;miami@optonline.net
Jadon;Glass;thaljef@verizon.net
Ana;Guerrero;skythe@yahoo.ca
Romeo;Gibbs;greear@att.net
Mara;Shannon;kenja@mac.com
Jayleen;Spence;ramollin@sbcglobal.net
Rylee;Duncan;johndo@att.net
Carolina;Brandt;hakim@comcast.net
Edgar;Adkins;lbaxter@sbcglobal.net
Larry;Noble;sjmuir@comcast.net
Erin;Vega;lcheng@att.net
Nico;Travis;sumdumass@sbcglobal.net
Shawn;Livingston;microfab@gmail.com
Davion;Hunter;gilmoure@yahoo.com
Ronnie;Haynes;wildixon@hotmail.com
Asia;Blair;studyabr@me.com
Marvin;Kim;daveed@msn.com
Leonidas;Knight;ganter@icloud.com
Macy;Cherry;syrinx@sbcglobal.net
Jasmine;Walker;crobles@aol.com
Rodolfo;Joseph;euice@yahoo.com
Marlon;Waters;goresky@mac.com
Dalton;Cruz;ardagna@mac.com
Alexia;Acosta;boomzilla@comcast.net
Anaya;Burgess;ngedmond@msn.com
Tristin;Morales;mwandel@verizon.net
Elle;Gill;martink@aol.com
Makai;Hines;hoyer@yahoo.ca